{"product_types": {"jeans": 33.1354386, "pants": 33.1354386, "shorts": 29.6944507, "shoes": 13.889106, "shirt": 14.881185, "skirt": 14.881185, "dress": 22.4147849, "jacket": 17.857422, "underwear": 1.8847501}, "offset_shipping_cost": 8.57244e-07, "offset_manufacturing_cost": 0.00499, "fee": 0.3, "project": "str"}