{"product_types": {"Plants": 2.420673, "Electronics": 10.17, "Clothing": 6.0997541, "Cosmetics & Personal Care": 2.7023819, "Tupperware & Containers": 5.0024427, "Toothbrushes & Razors": 1.733854, "Other": 10.0, "Handbags, Luggage, & Wallets": 12.818653, "Mattresses & Bedding": 54.01319, "Water Bottles & Coffee Mugs": 1.9351, "Food & Drink": 10.324168, "Furniture & Home Goods": 45.031405, "Shoes": 5.0596, "Outdoor Equipment & Recreation": 25.0256781, "Accessories & Jewlery": 22.60033}, "secondary_product_types": {"Computer": 187.3264, "Shorts": 7.005756643, "Shoes": 5.0596029, "Dress": 8.965913963, "Jacket": 7.1429688, "Underwear": 0.75398004, "Mug": 2.420673, "Bottle": 1.3390936, "Gold Necklace": 754.5973336, "Gold Ring": 953.167457, "White Gold Ring": 246.0576382, "Lipstick": 0.07054784, "King Mattress": 174.16498, "Queen Mattress": 77.1617, "Sofa": 198.4158, "Arm Chair": 94.79866, "Office Chair": 158.73264, "Stool": 37.47854, "Bookcase": 39.68316, "Cabinet": 61.72936, "Desk": 105.0868867, "Dining Chair": 59.52474, "Pants": 7.8176, "Shirt": 5.9525, "Glasses": 8.2342557, "Backpack": 12.81865276, "Makeup Remover": 1.0582176, "Shampoo": 2.866006, "earrings": 36.166, "hoops": 36.166, "bracelet": 27.07039, "bangle": 27.07039, "stems": 36.166044, "diamonds": 17.75424, "ring": 5.41408, "band": 5.414071, "Purse": 12.81865276, "cream": 0.329039535, "sunscreen": 0.329039535, "face wash": 1.0582176, "sunglasses": 8.2342557, "twin mattress": 72.75246, "Mattress": 108.02638, "necklace": 15.8174774, "conditioner": 2.866006, "handbag": 12.81865276, "jeans": 7.8176, "Skirt": 5.9525, "boxers": 0.75398004, "thong": 0.75398004, "panties": 0.75398004, "boxer": 0.75398004, "knapsack": 1.81865, "sachel": 12.818653, "glass": 1.3836195, "stainless": 2.001, "toothbrush": 2.225, "brush": 2.225, "razor": 0.7515625, "shaver": 0.7515625, "shave": 0.7515625, "tupperware": 5.0024427, "container": 5.0024427, "electric toothbrush": 4.31, "storage": 5.619444, "watch": 15.873264, "leather": 4.4, "aluminum": 7.34667, "lip balm": 0.07054784, "lip": 0.07054784, "chapstick": 0.07054784, "Makeup": 1.08095, "cosmetics": 1.0809527, "coffee": 11.0, "cabinet": 61.72936, "Table": 55.1155, "chair": 94.79866, "sweater": 7.1429688, "sweatshirt": 7.1429688}, "offset_shipping_cost": 3.6e-06, "default_shipping_distance": 550.0, "offset_manufacturing_cost": 0.022, "h": 0.029, "tons_of_co2_offset_variable": 0.11}